{
  "gameObjects": [
    {
      "active": true,
      "components": [],
      "id": 7931747419647700812,
      "name": "Parent",
      "tag": "Untagged",
      "transform": {
        "id": 10988670262991934166,
        "m_parent": 0,
        "m_position": {
          "x": 1.0,
          "y": 0.0,
          "z": 0.0
        },
        "m_rotation": {
          "w": 0.9238795042037964,
          "x": -0.0,
          "y": 0.3826834261417389,
          "z": -0.0
        },
        "m_scale": {
          "x": 1.0,
          "y": 2.0,
          "z": 1.0
        }
      }
    },
    {
      "active": true,
      "components": [],
      "id": 11421249761397390437,
      "name": "Child",
      "tag": "Untagged",
      "transform": {
        "id": 8158998701978468332,
        "m_parent": 10988670262991934166,
        "m_position": {
          "x": -0.7071068286895752,
          "y": 1.0,
          "z": -0.7071067690849304
        },
        "m_rotation": {
          "w": 0.9238795042037964,
          "x": -0.0,
          "y": -0.3826834261417389,
          "z": -0.0
        },
        "m_scale": {
          "x": 1.0,
          "y": 0.5,
          "z": 1.0
        }
      }
    }
  ]
}